﻿Designator,Footprint,Quantity,Value,LCSC Part #
Brd1,128x64OLED,1,SSD1306,
"D1, D10, D11, D12, D13, D14, D15, D16, D2, D3, D4, D5, D6, D7, D8, D9",D_DO-35_SOD27_P7.62mm_Horizontal,16,D,
"H1, H2, H3, H4",MountingHole_3.2mm_M3_Pad,4,MountingHole_Pad,
H5,SolderWire-0.1sqmm_1x01_D0.4mm_OD1mm,1,MountingHole_Pad,
"SW1, SW10, SW11, SW12, SW13, SW14, SW15, SW16, SW2, SW3, SW4, SW5, SW6, SW7, SW8, SW9",SW_Kailh_Choc_V2_THT,16,SW_Push,
U2,XIAO-SAMD21-RP2040-14P-2.54-21X17.8MM (Seeeduino XIAO),1,MOUDLE-SEEEDUINO-XIAO,
